,3-19-35-40,17-15-8-35,17-28-12,28-17-29-35,17-28-1-29,28-29-7-40,40-35-2-4-7,3-35-14-17,31-28-26-7-2,2-5-7-4-34,10-5-34-16,10-5-28-35,15-2-25-19,10-30-35-28,35-10-19-3,35-15-1-28-7,19-30-36-31,10-40-30-36,28-31-40-35,35-1-30-39,2-40-6-31-36,1-35-32-38,1-2-28-3-35,5-35-31-24,10-19-28-20,19-6-3-10-2,10-24-11-35,35-2-25-13,2-30-39-25,2-35-10-39,29-28-15-2,10-15-13-5,2-15-3-11-25,3-17-1-35-27,2-28-17-27,2-5-6-23-24,26-10-17-13,3-1-31-14-40,5-24-27-21,1-5-36-25-16,28-5-26-35,35-26-2-10,35-24-10-28,26-35-40-30,10-12-2-19,26-28-32-5,28-26-35-10
35-3-40-2,,17-4-30-35,17-35-9-31,17-3-30-7,17-14-3-35,14-13-3-40,31-35-7-3-13,13-7-3-30-35,35-31-5-18,28-13-7-26-2,3-35-10-12,40-35-31-6,3-35-17-3,35-9-8-3-40,3-17-14-19,12-13-1-28,13-35-19-3,35-8-3-13-40,35-31-8-40,15-5-17-30,35-3-36-19,19-35-24-32,35-31-7-3-13,13-14-5-3-17,10-35-19-25,28-35-7-31,10-15-35-3,14-35-31-1-9,30-40-13-19,40-3-39-2,35-3-15-19,2-13-24-3,13-1-32-14,10-2-14-40,2-17-13-27,28-2-17-30,40-9-31-3-7,7-31-3-4-32-1,17-37-31-3,35-8-9-1-10,10-35-17-29,2-26-30-12,28-35-15-4,13-4-17-14,17-25-13-19,17-25-37-32,26-28-18-37
31-4-17-15,1-2-17-15-30,,1-17-15-24,15-17-4-14-1,17-3-7-15-3-1,17-14-7-4-3,17-31-3-19,1-35-29-3,35-3-4-1-40,28-1-10-32,19-17-10-1-2,10-35-1-3-19,14-1-13-4,17-4-14-10,1-35-17-14,35-17-14-3-1,1-35-14-3,1-35-3-14-12,35-29-40-8,1-15-3-14-17,10-15-35-19,19-1-32-5,17-35-19-3-4,1-4-35-29-28,15-19-2-10,2-35-14-1-7,1-24-25-2-3,17-3-13-1,10-35-38-7,3-17-15-2,15-1-14-17,23-28-17-3,15-29-35-10,35-10-14-17,1-28-10-17,1-28-35-19,3-14-35-17,17-14-3-32-4,1-17-15-25,1-24-4-10-29,10-28-1-25,17-3-24-26,17-4-14-28,1-19-24-26,35-1-3-28-25,26-35-1-24,10-32-1-37
35-30-31-8,35-31-40-2,3-1-4-19-17,,3-4-19-17-35,17-40-35-10,35-30-14-7,14-35-17-2-4,13-14-15-7,4-3-31-25-17,7-17-2-22-28,35-3-29-2,35-10-1-3-2,3-14-4-13-18,10-17-35-3,35-19-24-28,35-3-30-31,17-19-35-12,35-17-3-14-5,14-40-3-35,35-3-15-17,35-36-10-24,35-24-28-3,3-35-28-30,28-24-35-12,14-5-30-28,1-17-28-3-6,28-24-13-3,14-1-3-35-17,1-3-21-18-13,35-17-11-5,1-19-35-15,1-7-17-3-31,10-25-26-2,35-17-31-29,3-10-17-1,17-7-3-28-13,17-14-30-35,3-17-32-7,1-18-9-16-35,17-3-15-13,30-32-10-3-2,10-24-15-13,3-14-7-30-37,28-2-5-26-35,25-10-37-24,28-32-26-3,28-10-26-32
31-17-3-4-1,17-15-3-31-2,14-15-4-18-1,14-17-15-4,,17-1-4-3-24-5,14-17-7-4-13,14-17-7-13-4,35-4-14-17,31-30-3-13-6,17-15-14-32,3-19-18-1-6,1-3-19-2-6-5,14-3-34-29,3-2-35-19-30,19-3-17-1,3-17-19-36,19-40-18-1,15-30-10-40,3-15-40-14,2-11-13-35,3-15-19-36,19-13-15-32,3-17-1-15-19,2-17-35-3,2-26-35-39,17-15-30-2-1,3-2-17-24-26,3-35-1-14-25,2-19-31-25,17-2-18-15,15-3-35-1,28-3-17-10,15-17-25-13,17-3-28-35,35-15-10-25,1-28-10-35,3-35-14-29,17-3-14-15,28-1-3-2-33,3-1-13-24-26,35-2-13-25,14-28-1-5-30,10-2-26-17,14-17-5-7-35,35-3-5-25-1,2-26-19-3,3-32-26-25
14-31-17-19,35-14-31-30,17-19-3-13-1,17-14-3-4-7,4-31-7-19-15,,17-18-14-7,14-28-26-13,17-5-4-7-28,35-26-1-4-17,26-17-2-13,13-19-37-10,10-2-30-25,26-28-17-13,14-1-35-3,35-19-13-28,35-40-17-13,35-17-13-19,15-35-9-17,40-2-17-35,35-24-29-10,35-24-39-32,1-40-24-35,28-3-13-12,17-14-12-10,14-1-10-35,17-12-30-35,2-16-7-17-32,14-28-1-4-23,35-31-17-1-7,40-1-7-24-15,15-4-28-29,24-2-17-5,10-4-24-25,35-40-4-5-25,1-16-32-17,17-35-28-2,35-7-14-3,14-3-32-26,35-39-24-1-2,16-17-40-13,35-2-29-36,25-10-3-28,10-17-7-15,1-26-28-18,25-10-3-19,32-35-18-2,28-3-32-26
31-35-40-2,31-40-35-26,1-7-4-35-3,7-15-4-3-1-35,17-4-7-1-31-5,17-14-4-3-31,,35-14-28-2-3,15-1-14-19,30-31-7-4-29,10-2-28-7,4-36-35-31,30-31-1-35-4,29-4-28-1,15-1-35-3,35-13-19-38,35-38-33-19,35-19-6-10,35-9-3-40-1-3,14-15-7-4-9,28-10-1-3-39,10-39-18-31,35-2-28-25,28-10-13-25,35-10-34-2,10-19-2-6-34,28-15-4-38-7,28-3-2-10-22,31-1-3-23-13,35-30-24-1,2-30-40-36,15-29-30-35,13-15-6-10,15-3-26-25,1-28-3-14-40,10-3-30-25,28-10-15-1-3,1-35-31-39,3-32-15-4,35-9-21-22,1-10-3-24-40,25-28-3-16-2,24-3-35-34,2-10-35-34,1-2-35-26-15,28-1-25-10,26-24-5-4-29,26-28-24-13
31-30-40-35,35-40-31-9,14-30-15-3-4,35-2-30-4,15-14-4-30,14-3-7-4-30,14-35-3-13,,7-35-2-30-31,35-3-31-40,10-7-24-28,35-19-1-38,35-38-15-31,35-40-2-38,37-9-18-12,35-19-2-40,35-2-40-36,35-28-6-30-2,35-28-24-40,13-14-9-17,40-35-31-34,3-26-4-35-15,35-24-28-5-7,1-7-28-5-2-19,35-10-39-40,10-35-18-1,3-35-40-5,7-32-14-24,31-39-14-3,1-31-35-5,12-18-13-35,31-28-6-29-2,28-24-7-1-17,7-26-24-17,40-28-35-2-1,17-1-3-35-27,28-1-17-6,5-40-12-7,14-32-3-22-5,39-24-19-27,35-30-13-10,25-35-10-3,10-1-13-24,10-2-35-31,1-5-28-31-3,28-37-2-12,17-26-28-32,10-32-35-25
29-30-3-10,15-3-10-31,4-14-29-5,17-14-4-13-5,4-17-5-2-14,17-14-5-28-2,14-4-15-3-7,14-4-7-1-2-35,,3-31-30-36,17-7-3-32-24,14-28-25-30,3-30-28-35,15-35-10-3,14-17-35-9-2,3-14-28-2,35-14-15-31,4-6-2-30-1-3,3-14-9-15-2-4,35-7-40-14,35-40-24-31,31-19-2-32,35-15-28-32,2-29-28-5,29-35-30-3-5,10-28-5-34,4-14-15-3-5,17-2-7-15-28,9-4-31-35-14,35-1-17-7,1-35-30-31,35-1-28-29,28-3-31-10,32-26-25-37,40-3-35-10,17-13-1-2-35,28-5-9-26-17,40-17-13-31,32-3-35-22,35-24-2-33,17-32-1-28,30-32-40-22,1-29-32-2,13-17-10-26,29-2-5-22-28,28-37-24-7,28-37-13-31,28-1-37-32
35-40-6-18-9,35-40-18-5-2,29-3-17-35,35-31-3-17,15-14-17-31,17-31-4-18,2-15-28-18,35-2-38-25,35-7-14-3,,17-37-4-31,35-40-34-10,35-30-31-3,28-35-29-24,35-14-40-3,19-3-34-35,35-18-3-2-13,35-19-18-3,40-9-35-14,14-17-9-35,35-24-9-40,35-31-1-17-3,35-28-30-3,3-30-1-35-38,24-4-10-34,3-25-19-1,35-7-18-19,15-28-35-24,31-10-9-1-4,1-35-21-24,35-40-3-12,1-15-17-29,35-2-24-13,3-10-25-35,40-3-35-16,25-10-2-32,28-30-10-31,35-24-3-12,30-17-28-14,35-3-31-33,10-2-35-1,30-3-33-25,35-1-10-8-9,1-13-3-35-36,13-1-10-27,25-28-37-1-3,28-18-32-24,4-24-37-13
28-17-13-7-1,28-26-35-3-2,7-32-13-17,7-32-17-3-2,7-17-32-2,32-2-3-24-17,7-19-26-3,26-32-3-2-24,7-17-3-32-26,17-7-32-3,,7-3-2-10-13,7-3-10-12-2,10-7-13-37,26-17-12-1,7-10-3-12-2-6,10-6-3-2-24,7-10-3-2-6-24,2-17-7-24-12,2-17-7-12-1,24-37-3-10-2,2-13-10-19,15-19-4-32,2-7-19-28-3,2-13-7-28-13,2-7-3-19-13,2-10-3-6-28,15-19-7-32-4,3-4-2-9-37,28-2-10-5-3,2-10-13-17,3-24-4-1-29,6-25-10-24,25-10-17-6,10-24-13-25,25-1-24-13,7-10-17-24,2-37-10-13,7-3-32-19-25,1-11-28-15,25-13-10-1-7,13-3-10-37,25-1-6-13-26,2-25-19-3,10-25-5-13-3,25-40-10-3-7,3-4-37-25-40,37-3-17-28
15-19-5-8-31,35-3-31-34,17-8-19-9,3-17-12-9,17-19-7-8-9,3-17-9-24-12,19-10-30-7,10-30-35-12,17-14-28-10,3-40-17-35,7-2-32-3-24,,10-2-24-20,3-35-5-13-17,19-2-16-13,18-28-35-6,35-6-18-28,19-18-35-10,12-19-40-3,35-3-17-14,35-24-40-13,19-35-13-3,35-19-24-4,13-1-19-12,18-13-14-28,28-3-19-10,10-24-35-23,10-24-25-3-7,17-7-18-9-3,1-4-14-18-3-7,40-3-37-6,7-13-30-35,28-35-24-3-7,10-25-24-12,35-12-13-40,3-10-17-19,28-2-10-26,10-37-3-24,35-2-7-3-24,21-28-15-24,35-4-10-3-2,3-16-40-10,10-30-17-6,10-35-19-3,5-15-10-4-2,5-28-26-20,10-37-4-32,3-17-24-10
35-31-8-19-4,35-6-2-31-19,17-40-19-2,40-35-1-9-17,3-35-18-19,35-17-3-30-7,35-19-18-3,35-40-31-3,17-3-40-14,35-31-3-40,24-7-10-25,35-24-38-4-3,,35-28-29-3-4,17-40-35-9-7,13-25-40-24,35-40-13-2,35-2-13-16,17-4-40-12,35-3-9-17-14,5-35-39-3,19-24-35-40,35-40-24-2,3-19-12-15,35-10-17-4-7,3-24-10-14,10-12-35-40,10-7-2-24-25,31-35-24-14,1-3-14-18-4,35-14-40-3,13-5-4-17-2,10-24-17-28,25-1-3-10-37,35-3-9-40-13,3-10-19-1,28-26-10-2,10-37-24-3,35-2-3-24-30,1-35-33-39,35-10-40-5,40-37-25-3,1-17-13-24,10-40-38-16,5-10-2-25-4,28-37-4-20-5,32-35-25-6-4,10-26-24-37
13-14-8-28-1,1-13-2-10-35,13-17-2-28,17-15-30-2,17-14-4-1-29,14-5-3-17-1-4,28-2-7-34-35,28-5-2-35-7-9,17-7-15-18,2-35-19-5,7-2-10-5,35-40-19-3-5,3-13-35-5-2,,19-13-15-28,35-28-38-19,35-19-28-12,19-35-13-36,28-14-6-40,28-8-3-14-5,28-2-3-5-33,28-36-31-3,19-35-13-10,35-13-10-24,28-35-13-10,13-5-10-3-1,19-1-35-14,10-7-6-24-26,3-14-28-9-5,19-18-1-24-3,35-21-2-24,15-10-28-26,7-19-6-24-3-2,28-37-13-35,35-28-23-24,28-2-34-13,28-24-10-2,31-35-11-13,14-3-32-22,28-35-19-4,35-13-28-1-8,28-10-25-12,10-28-2-13,2-3-28-10-13,5-28-4-10-13,25-10-19-1-4,3-26-24-16,28-25-24-32
8-1-9-13-37,9-13-28-1,17-35-9-3-14,35-28-17-9,15-17-10-14,1-3-17-40-37,12-15-9-35,1-18-37-35,35-10-3-40,14-18-29-28,13-17-37-3-1,19-10-2-12,2-10-13-3,13-15-9-28,,19-17-35-10,1-35-10-19,19-35-37-17,21-18-9-40,35-14-9-3-17,35-10-24-21,35-36-21-10,13-2-19-35,19-35-6-13,3-35-40-12,10-3-23-27,19-15-2-5-14,37-32-7-24-1,13-9-24-12,15-2-35-5,3-13-24-14,15-17-3-19,28-5-6-25-24,1-28-25-4-3,14-35-1-13,15-17-1-13-2,10-28-3-13,2-12-31-39,14-3-7-12-35,10-35-40-22,15-18-35-6,28-29-5-37,2-10-35-13,35-28-3-10,5-10-35-4,37-10-28-25,37-10-19-3,24-37-32-3
28-35-19-12,28-35-5-12,28-12-15-35,35-2-19-15,15-19-4-3-25,35-2-17-14,13-35-18-29,3-25-34-38,29-2-3-12-19,35-2-34-19,7-2-25-24,18-28-35-6,28-2-35-13,35-28-13-19,21-2-19-35,,15-28-13-2,19-6-34-37,14-25-15-17,19-35-5-9-29,13-19-24-17,24-19-36-2-3,35-19-24-5,2-13-28-12,28-35-5-3-18,10-18-28-5,19-15-12-28,13-24-7-22,17-14-4-7-5,1-24-19-21,35-2-11-16,24-15-13-29,10-24-28-1,28-3-35-1,13-21-10-35,1-17-28-10,10-28-5-24,12-39-35-31,17-7-4-3-32,2-10-3-22-37,28-5-30-10,10-25-12-24,2-10-13-5,35-28-24-25,5-2-28-27-12,3-5-25-10-37,10-37-3-25,37-3-5-28-8
35-28-13-8-3,19-13-35-9,17-4-12-3,4-17-9-19-3,3-4-13-5-12,4-17-3-14-16,2-35-13-19,35-39-19-2,7-35-24-30,35-31-3-24,2-19-17-20,40-35-3-19-4,40-35-3-17,1-3-28-19-13,9-36-37-35,2-19-3-13-5,,2-5-19-13-35,17-9-4-19-35,35-40-14-3-2,35-4-24-40,3-2-35-19-21,19-35-2-32-5,2-19-15-13,31-28-18-12,4-10-40-7-9,35-31-1-4-24,2-10-7-13-3,31-14-25-17,21-35-24-3-1,19-3-15-18,35-15-13-17,24-3-35-12,13-15-24-10,35-10-13-25,35-17-1-27-3,28-10-23-2,24-3-16-30,17-4-3-7-32,2-9-3-37-19,4-8-1-10-2,37-10-3-2-13,10-2-8-34-35,1-10-6-35-34,35-28-4-3-13,2-25-18-10,28-19-35-25,28-37-4-18
8-38-2-25-31,19-2-35-31,1-17-35-10,17-14-1-35-4,19-38-35-2,17-19-38-13,19-38-2-35,19-35-25-36,29-14-15-1,35-19-38-4-3,10-28-19-12,19-35-10-38,38-35-10-4,15-2-19-35,2-19-15-35,19-6-37-36,19-15-3-2-6,,35-10-3-30,28-40-31-10,35-31-1-15,19-5-3-2-36,19-35-25-28,2-28-14-15,30-1-28-29,10-15-35-6,15-35-1-38,10-19-24-28,24-28-13-3,1-3-35-15-19,1-18-2-35-28,15-28-19-35,24-28-15-13,26-10-35-25,35-2-3-24-28,10-2-35-1,10-28-1-23-5,35-19-11-25,28-15-14-22,39-2-19-31,10-28-26-21,2-3-10-14-32,28-2-13-24,28-1-35-14,35-30-19-20,2-25-15-26,28-35-19-3,2-37-15-25
40-35-31-10,35-10-13-31,35-9-40-17,3-14-17-35,10-35-40-14,40-14-35-10,35-10-40-3,35-17-4-40-3,35-4-40-3,35-10-25-31,28-2-26-7,19-3-35-4,3-14-35-9-2,35-17-24-13,35-17-14-9,10-17-14-24,17-14-10-35,35-29-10-17,,3-17-40-9,35-5-40-2,35-3-19-2,24-12-22-35,2-40-13-17,10-25-3-4-17,1-4-37-13-10,3-25-2-35-12,37-28-2-7-24,31-35-40-14,35-24-2-1-21,2-33-25-35,15-35-17-13,25-10-6-28-4,17-3-19-28,40-13-35-19,2-17-10-25,2-28-24-10,31-40-35-4,17-7-4-40-3,3-12-4-25-33,2-1-35-17-16,3-25-2-35-12,10-35-25-12,10-40-25-24,17-5-2-24-35,28-32-4-37-6,37-17-4-32-2,37-25-17-28
40-31-17-8-1,40-31-2-1-17,17-35-40-1-4,17-35-9-37,14-17-3-7-19,14-17-9-40-3,4-7-17-14-35,14-9-17-4,40-4-9-35-7,30-17-31-9,17-2-32-3,35-40-3-26,35-3-5-24-26,14-28-8-13,40-9-35-25,35-17-10-19,35-14-17-4,40-35-3-4-10,35-40-24-3-9,,40-35-13-3,35-40-9-31,35-19-24-28,1-19-17-13,40-31-24-35,19-3-10-5,35-31-40-1,37-32-28-26,17-3-2-5-9-4,2-40-15-19,35-40-3-10,40-35-1-4-17,6-12-28-13,17-35-40-2,40-35-5-17,1-2-35-13-24,13-28-2-22,40-31-3-24-4,7-17-22-3,31-35-40-9,35-10-3-40,3-6-23-2-29,15-2-35-10,15-35-17-10,2-5-15-13-18,15-25-1-3-10,2-40-32-28,3-37-28-25
40-35-31-5-2,40-35-31-17,17-1-35-13,17-4-35-37,31-13-35-17,35-31-4-3-39,24-5-39-35,35-40-24-31,1-4-35-17-7-3,5-24-31-40,2-7-10-35,10-13-5-35-4,10-40-3-39,40-28-25-13,24-21-10-16,13-35-19-18,35-18-9-24,35-31-18-24,40-3-35-31,40-17-9-35,,35-40-3-1-24,35-3-13-32,10-3-12-24,40-2-14-3-7,35-24-10-16,5-24-3-15-4,24-10-32-7,18-31-24-9-7,1-15-24-21,24-35-40-1,40-35-15-30,1-6-13-2-10,24-3-35-4,35-40-24-31,2-10-24-16,2-24-28-17,35-2-10-24,17-4-3-31-22,40-35-31-17,25-35-24-3,3-25-2-12-5,24-1-10-16,5-24-40-3,13-31-2-10,25-10-24-4,7-24-17-35,25-13-37-4
36-31-6-35,31-35-3-32,15-19-9-3-35,19-3-15-31,3-35-40-19,35-3-31-40,35-40-31-4,35-40-31-3-4,14-19-32-39,30-31-3-35,5-37-7-10-26,19-15-13-39,19-36-40-3-9,28-14-36-2,2-35-3-19-21,19-15-3-35,35-3-19-32,31-3-2-17-25,35-19-39-2,2-9-5-35-30,24-35-32-3,,35-19-32-5,3-24-10-15,29-21-3-36,19-9-35-3,35-21-24-38,35-9-24-7,35-13-39-18,3-19-15-2,35-2-25-22,2-3-19-15-4,24-2-13-30,28-24-26-2,35-40-3-12,10-3-4-37-28,24-1-3-35-28,24-9-39-28,31-3-15-2,35-33-2-18,35-3-26-30,23-25-3-12,2-26-3-19-16,3-15-35-28,2-3-19-35-16,35-25-1-19,32-28-35-3,32-19-28-26
19-1-24-32,35-32-2-19,14-19-32-35,14-17-32-35,14-17-24-35,14-17-4-35,14-24-13-10,28-4-37-35,3-30-13-24,1-19-35-14,2-5-19-32,19-2-6-35-28,2-6-10-35-28,19-10-13-28,10-19-6-26-4,19-10-3-24,19-10-24-3-5,35-25-19-17,30-35-12-9,35-19-12-28,28-32-35-3,19-35-32-1,,35-13-1-19,13-1-5-35-10,19-1-26-35,19-1-35-24,32-13-4-1-14,35-28-39-2-9,35-19-40-2,35-32-19-3,15-35-4-40-3,32-35-1-13-6,28-4-35-24,35-1-4-32-17,17-13-1-15,28-5-23-13,35-3-1-24-11,32-3-5-10-22,28-12-6-4-13,35-28-20-33,3-35-32-39,10-2-26-13,2-3-15-5-28,5-15-13-6,15-3-37-4-5,32-15-1-9-37,32-10-37-4-3
3-30-31-8,31-3-35-40,17-3-4-15-14,17-4-13-14,15-30-17-3-4,14-17-4-3-7,15-19-14-4-3,3-18-30-39,4-14-3-30-19,31-3-30-19,2-37-3-17-4,10-4-3-18-28,35-24-28-10,3-4-15-30-29,35-40-17-13,2-4-15-3-19,3-35-19-15,35-3-15-19,3-17-35-31,35-40-3-4-19,35-2-19-30,19-35-3-31,19-3-35-28,,4-12-17-34,3-14-28-15,3-4-31-19-15,3-4-19-15-32,14-9-3-4-1-2,35-24-18-28,19-15-4-33-3,15-19-3-28-4,1-4-14-7-2-24,25-10-1-13-3,35-30-40-27,2-27-17-1,28-2-1-24-25,31-30-2-24,2-22-32-3-4,35-13-18-31,3-35-1-25-28,3-2-15-28-4,2-25-19-3,1-3-15-4-2-25,2-15-19-28,25-1-37-4,32-4-18-28,37-4-28-32
28-35-40-8-6,35-4-31-6,14-12-10-24,17-28-24-10,10-17-30-12,18-10-5-30-4,30-1-29-36,35-5-10-12,35-5-29-3,24-3-10-6,28-24-10-1,3-15-19-28,24-15-18-38,28-19-13-25,14-15-9-18,18-35-5-3-19,12-18-28-35,28-18-38-25,3-37-10-1,35-28-3-40,1-30-19-24,36-37-21-39,2-13-35-28,28-10-3-13-4,,35-15-2-18,19-38-35-27,32-40-1-10-3,35-17-7-2-28,13-2-24-35,3-1-15-14-29,2-15-28-27,34-2-33-24,3-15-32-2-1,10-12-35-24,2-14-27-35,2-17-12-28,24-19-31-5,13-28-17-4,35-30-40-24,15-5-34-33,24-31-10-3,10-35-18-25,5-25-28-24,28-5-2-10-24,3-25-14-34,28-24-3-17,24-10-14-3
10-20-8-14,10-20-26-35,17-13-15-29,5-14-17-24,17-15-16-5,35-17-4-10-5,20-10-5-18,35-5-10-12,7-28-17-4,35-10-5-18,2-3-10-25,3-17-28-18,5-28-24-7,28-26-3-10-4,5-17-10-37,18-35-38-3-4,35-10-1-19,35-6-10-1,35-17-4-20,35-24-3-9-28,24-5-3-35-17,21-18-24-35,26-1-32-17,5-19-3-20-16,24-10-35-18,,5-18-35-19,24-28-32-2,9-31-14-18,1-35-21-18,35-24-14-39,28-35-40-13,17-10-28-2,10-25-4-26,35-10-3-14-4,17-24-32-1,2-28-26-9,25-12-13-11,17-10-4-28,35-18-1-34-3,10-35-4-19,26-25-24-18,10-2-24-30,10-3-24-5-4,28-21-6-10-2,10-37-4-5-2,37-10-18-32,25-26-32-28
8-15-28-19,19-7-6-31-18,3-4-13-17-7,4-13-7-25-17,15-17-16-5,17-14-7-38,7-5-28-4-18,28-25-32-1,4-3-24-19-28,7-25-15-18,2-10-24-25,21-35-34-14,17-31-35-34,3-35-14-28,19-17-2-36-4,35-19-3-4-37,35-19-4-2-12,19-4-37-34,2-25-4-13-12,28-35-17-26,10-6-14-12,35-7-31-34,19-24-5-13,1-13-19-4,28-35-37-2,10-18-7-4-32,,19-10-4-37-1,28-35-14-25,2-1-21-19-3,40-35-21-24,15-5-14-13,21-35-12-13,13-1-35-25,35-40-17-11,1-19-30-2,28-3-2-26-24,19-4-35-31,4-7-28-17-3,21-35-33-15,10-14-35-1,30-37-9-25-3,28-1-10-2,3-10-35-28,25-7-40-30,25-37-4-2-16,1-3-35-15-28,3-37-24-26
13-35-7-10,13-35-31-5,28-25-10-37,28-25-17-26,15-17-30-28,28-25-26-16,28-25-17-32,3-9-14-4-35-1,25-14-24-3-4,17-28-24-7,2-7-24-3,10-28-37-3-7,10-19-28-3-4,12-13-24-26,13-17-24-37,1-24-25-20,10-1-24-36,10-19-24-25,24-22-25-35,35-24-3-31,35-30-10-26,28-22-1-25,19-32-24-28,10-5-37-12,7-17-2-3-13,25-22-10-24,24-34-19-10,,2-37-3-10-25,7-1-13-21-35,7-10-31-27,24-5-25-9,2-24-37-4-1,7-1-3-10-5,13-24-10-26,2-10-17-13,26-24-25-1,10-28-24-7,32-3-17-7-5,10-24-11-3,25-29-28-40,25-17-37-1,5-24-35-10,5-10-13-24,6-25-13-24,10-6-25-2-3,28-32-1-10,37-4-32-10
31-9-3-22-13,31-9-14-39,17-3-14-9-1,3-17-14-35,3-14-17-25,17-3-9-14-1,3-14-35-1,13-4-3-15-18,4-35-28-2,31-9-14-35,3-10-23-31,10-1-35-19,10-4-1-13-24,3-1-14-31-39,3-14-17-4-1,19-28-4-35,19-23-28-4,28-23-25-24,3-14-9-2-23,3-35-26-40,23-25-2-10,35-12-2-3-13,35-2-9-40-17,17-15-31-3,35-31-2-9-13,35-28-19-25,3-15-9-31-35,10-23-2-3-26,,5-2-35-19-9,28-2-18-29,28-10-1-15-3,2-35-9-17-28,28-26-25-1,35-9-13-16,5-9-31-2-17-3,28-2-24-1,5-28-24-18,9-7-31-14-4-2,2-35-31-22,35-5-6-13-21,15-3-10-2,15-28-10-1-3,3-15-10-2,6-13-1-24-15,23-10-28-3-2,24-3-14-30,5-10-24-22
28-35-20-21,28-31-13-5-2,14-18-4-19,17-18-21-14,4-14-19-15,4-14-13-24,13-15-3-19,4-14-30-18,35-36-3-31,35-10-19-18,10-23-37-1,1-10-21-3,1-3-10-15-18,35-28-13-21,10-3-15-35,35-28-10-3,35-3-20-10,35-28-10-3-4,10-12-9-35,10-35-15-28,15-4-19-3-1,19-18-36-20,32-24-35-2-5,10-35-28-15,10-12-18-14,2-10-35-36,10-18-13-2,9-16-13-2-4,18-35-28-14,,21-23-33-1,18-35-10-13,2-35-16-19,25-10-13-26,2-35-40-3-4,18-28-1-23,28-10-2-17,15-28-23-35,17-7-10-5,2-30-37-38,30-13-31-5,2-18-15-25,10-2-36-7,10-2-1-19-25,21-28-35-6-2,10-23-37-1-4,24-10-28-25,28-10-37-4-3
35-30-31-15,40-35-31-9-1,15-17-40-24,17-4-35-40,4-17-12-3,3-4-1-35-5,17-30-14-2,4-14-30-18,1-35-4-3-7-24,1-3-24-35-39,10-7-32-4-3,15-3-12-21,21-16-17-14,3-35-29-31,28-35-15-29,35-6-12-26,35-24-19-3-4,3-35-18-4,1-17-30-27,35-40-17-5,40-4-35-14,35-24-1-7-5,19-35-32-24,35-28-25-2,34-35-24-15,10-25-9-23-5,10-3-35-12,4-7-10-32-21,14-31-13-15,1-24-21-13,,1-15-29-14,5-17-1-29-23,10-15-23-5-4,40-24-35-4,1-24-27-17,28-35-1-17,31-30-35-39,2-17-28-24,35-1-24-9-3,28-4-40-24,17-26-4-10,2-10-3-17-13,28-2-25-35,19-31-1-35-2,10-26-19-23,1-37-32-31,4-17-26-10
35-1-8-31-30,35-17-12-1,17-30-15-26,17-4-26-28,13-29-17-31,31-6-26-24,30-35-31-6-3,24-15-31-16,15-2-24-30,30-31-35-3,2-19-7-16-37,28-29-35-13,15-13-16-2,10-14-35-24,35-15-17-14,29-13-19-35,35-16-1-19-3,19-1-24-35,15-29-13-28,35-40-3-17,35-40-4-14,35-5-19-36,1-35-32-19,19-3-13-25,13-10-3-15,28-15-29-35,15-19-3-1-18,7-3-10-26-37,31-9-30-14,1-19-21-10,24-25-4-30,,1-5-3-28-2,15-24-3-4-28,35-40-24-30,1-7-4-3-28-2,28-24-18-10,3-16-13-30,29-28-3-32-3,35-24-31-3,10-13-29-31,40-35-29-16,6-10-28-29,1-15-25-2,6-28-29-31,28-25-37-19,25-28-32-40,1-10-35-4
1-8-15-28-26,1-28-15-26,24-4-28-17,24-28-17-4-3,28-17-13-1-4,28-13-17-1-4,2-24-28-3,2-26-24-28,13-28-7-24,28-31-2-13,10-24-3-2-37,2-10-7-5-40,2-10-7-5-40-3,1-2-10-6-5-4,6-24-29-12,29-28-12-3,2-24-25-19,6-29-25-28,24-40-3-12-9,2-35-29-30,35-24-33-27,21-39-35-9,25-28-2-6-13,12-3-19-37,13-3-17-22,2-10-13-25,2-13-9-12-5,5-2-7-24-13,2-10-24-37,24-35-12-1,3-11-32-33,28-10-24-6,,10-25-2-22,9-35-24-10,28-10-17-13,24-10-28-25,17-35-9-3-31,28-7-13-17,1-4-35-12-24,2-16-17-30,2-10-9-35-13,10-17-16-13,3-17-14-10,28-24-13-12,10-2-25-5,25-10-37-17,25-37-17-4
28-35-25-15,28-35-25-26,17-13-1-12-3,17-1-13-4,28-26-13-17,28-26-17-1-4,1-15-35-7,28-31-2-4-19,28-7-2-3-35,35-1-13-17,1-7-2-10-4,19-25-3-35-5,1-16-25-3-5,13-25-5-2-24,28-13-24-31,24-1-13-28,24-28-12-3-1,10-28-35-2,12-23-4-29-2,19-3-12-16,25-1-30-24,31-13-24-26,19-13-24-1,25-10-2-37,24-2-3-4-34,23-10-4-32,19-25-13-3-2,10-37-1-24,2-3-31-9-35,25-19-2-1-20,35-31-24-4,10-25-1-26-5,25-1-24-6,,40-35-2-17,1-17-13-24,3-28-5-23-24,2-25-28-4-5,28-29-22-32,35-2-25-11,29-36-24-5,15-29-35-2-1,10-1-12-3,1-5-28-15-25,28-29-5-12,1-25-37-5-3,28-5-32-16,25-13-1-32-2
40-5-3-12-8,3-35-14-28,14-17-15-4,28-24-3-35-7,17-14-15-10,35-3-14-4-5,14-7-15-24,5-35-3-17-14,35-1-40-4,3-28-40-31,10-24-32-3,35-3-2-40-25,35-3-12-25,35-28-24-4-5,8-28-3-4-1-17,35-19-3-14-1,35-19-3-1-13,35-1-4-10-40,35-10-19-24,35-40-3-4-12,40-35-3-1-39,3-35-15-10,35-37-24-13,15-3-19-35,35-15-10-12,10-3-25-5-4,10-19-35-23,10-25-28-32,35-13-25-4-9,3-24-13-35,2-26-35-40,35-28-13-12,1-25-10-3-5,28-1-40-29,,1-11-15-27,10-13-2-24-4,28-35-2-11,3-14-31-29,40-2-5-12-33,28-10-35-4,1-3-13-10-4,35-10-1-13,35-1-10-28,5-35-13-33,1-19-25-37,28-40-25-32,3-10-37-32
8-35-13-17,35-17-13-28,17-1-28-29,17-3-1-18-13,13-15-17-1,13-17-1-25,15-35-30-2,1-13-25-2,4-7-13-15-17,3-25-1-35-10,24-9-2-37,28-34-35-3,3-35-1-11-4,34-9-5-15-3,1-10-7-15-13,28-1-15-13,28-13-3-1-16,15-10-2-13-1,1-3-13-25-31,1-4-17-9-24,2-35-7-19-24,24-13-4-37,15-13-32-1-3,2-17-27-19,2-35-34-4,5-10-24-25,19-15-13-1,3-9-13-26-1,14-17-31-3-5,2-10-1-13-3,35-15-39-12,1-7-15-16-4,2-10-13-4,1-15-26-25,35-10-5-7-11,,1-28-3-10-4,4-10-2-22-13,17-7-13-30,10-3-40-16,10-7-35-32,10-35-2-1-25,10-13-34-7,2-10-1-32-25,35-30-28-17,2-35-4-10-1,25-10-3-32,37-10-13-25
28-30-3-22,3-31-35-28,17-13-28-4,17-28-14-29,17-28-1-4-13,17-7-28-39,13-28-30-1,13-28-15-39,3-2-17-13-24,13-28-35-27,3-28-32-24,13-14-10-37,35-10-37-17,28-37-4-17-3,2-3-17-14-13,32-12-13-25,32-12-4-9-13,12-13-9-35,37-17-4-3-9,28-2-13-17,13-12-5-24-3,1-31-37-19,28-37-26-32,2-1-17-3-10,35-31-5-7-24,26-28-25-2-9,26-32-13-25,2-37-4-16-13,37-4-2-13-35,2-1-10-35-19,3-5-27-25-21,1-28-24-32,15-17-24-4-6,25-10-13-3,35-37-13-4-2,13-4-3-2-27,,15-23-1-31,7-28-3-1-24,2-10-40-35,10-1-12-13,16-10-24-3-4,2-10-17-12,28-17-10-4-2,2-6-4-17-13,25-37-9-26-4,37-17-4-28,37-4-26-3
8-31-30-13,31-30-13-12,3-17-14-4-2,3-17-2-31-14,17-15-13-4,17-14-13-4-2,13-31-15-17,13-35-31-17,4-13-7-14-15,35-31-13-9-5,10-25-3-2-5,10-13-5-15,19-10-13-5,14-31-13-3,17-13-19-3,35-12-19-1,39-35-24-12,1-19-34-11,35-40-3-9-31,35-31-40-3-9,35-5-40-31,31-35-36-3,28-19-24-2,12-13-1-7-31,34-12-13-3,10-5-13-12,19-13-12-35,3-24-28-5-7,28-19-24-39,1-35-24-39,35-31-1-33,30-13-15-28,24-28-2-13-6,2-4-26-19-13,28-35-25-36,17-1-28-13,2-13-7-22-17,,2-7-30-19-3,31-33-9-4-16,30-31-10-3,10-3-25-16,10-3-25-13,10-13-1-15-8,5-31-10-27,25-7-10-1,28-32-37-17,28-37-3-7-25
30-40-3-35,35-40-3-8-17,17-14-3-32-1,17-14-15-3,14-17-4-15-7,14-17-1-4-3,14-15-7-28,28-14-3-32-7,15-2-32-31,30-31-40-3,7-24-17-10,3-2-6-32-11,2-28-6-32-15,15-3-14-19,3-28-7-31-4,15-3-19-28,3-28-19-14,15-4-14-32,40-9-17-7-5,9-17-40-2,3-40-10-35,35-31-3-15-2,32-3-35-19,2-13-28-5,28-17-3-4-1,7-10-6-2-9-12,28-3-15-31,3-7-32-10-4,3-14-35-31,4-28-15-29,35-2-13-29,28-7-15-29,28-5-17-3,28-6-7-17-3,2-28-35-3-4,3-7-13-17-28,28-7-24-9,2-28-31-40,,2-12-5-19-40,16-10-2-6-22,3-22-10-24,10-29-28-1,28-10-35-1-2,28-2-13-24,7-13-2-32-19,32-26-31-28,26-10-32-37
35-31-8-21-3,35-2-31-13,1-17-4-24-13,35-17-18-1,1-28-4-3-33,17-2-35-14,3-24-15-37,5-17-39-19,30-24-32-1,31-30-35-28,2-26-3-40-25,15-28-35-24,35-5-40-3-1,24-35-28-21,3-13-35-18,6-24-1-26-15,1-35-24-6,19-2-31-10,1-35-40-2,35-1-40-17,35-24-4-40,35-31-33-17,35-1-13-32,2-3-35-28-10,40-3-4-24-12,18-3-24-23,35-24-21-2,32-10-25-2-7,31-1-17-14,24-35-18-1,35-3-13-24,35-15-31-30,17-24-2-5-7,25-28-3-15,35-4-24-17,10-3-14-25,3-24-7-14-2-5,3-15-19-32,30-24-32-17,,35-24-1-40-3,28-1-10-18,10-3-34-4,35-24-13-3-2,4-40-2-5-17,1-25-37-24,5-1-17-18-32,5-37-18-32
28-1-8-15-5-3,1-13-14-8,14-13-1-17,13-17-14-15,13-1-26-17,1-3-16-26-13,13-1-7-30-3,1-35-15-38,29-13-1-16,35-16-1-31,6-2-10-7-15,10-1-37-4,10-1-16-35,35-13-1-28-2,35-12-28-29,28-1-10-26,28-1-10-26,28-12-24-19,35-10-1-19,3-35-1-24-33,1-11-3-13-39,10-24-35-18,32-24-1-35,1-10-15-16,19-34-33-9,3-4-35-15-20,19-35-2-13,25-24-16-10,24-9-2-39-13,35-10-5-36,35-10-5-21,1-3-25-13-15,28-3-6-2-13,2-5-28-13-16,2-3-35-9-28,1-35-13-23,1-24-10-13,6-35-28-9-1,30-24-16-32,35-39-2-29,,3-16-25-12,1-10-28-8,1-13-15-14,27-26-1-5-10,25-3-19-13,6-28-1-13-11,35-12-1-6-28
13-8-18-28,35-28-9-17,3-17-28-10,17-1-10-32,29-28-37-32,29-18-36-37,28-37-1-25,35-28-25-10,30-13-10-32,30-25-32-9,37-3-4-32-13,5-40-16-3,5-4-17-18-3,10-32-28-3,12-19-28-29,2-26-32-3,2-26-21-13,2-32-21-16,35-3-12-13,3-17-7-35-29,24-35-33-18,26-3-24-19,32-19-3-2-5,3-10-14-40,10-31-35-24,28-15-5-18,2-16-13-32,13-10-2-34-7,2-13-7-37-35,3-10-40-24,10-17-35-4,35-7-13-1-4,13-4-9-28-15,19-3-1-32-35,28-25-13-1-5,3-10-1-25-30,2-10-24-3,4-3-31-35-30,2-3-17-32-7,10-28-9-23-2,25-13-24-15,,25-15-24-13,2-10-39-18,2-16-18-26,28-25-37-10,28-26-32-18,28-32-18-9-3
28-13-12-35,28-12-35-10,17-28-13-12,17-28-13-4,13-17-14-12,13-26-17-4,26-13-35-16,26-13-35-31,13-24-10-15,26-31-35-13,37-4-5-24-10,19-9-16-6,25-10-16-2,10-28-25-19,12-35-8-4-13,1-13-30-2,1-2-35-13-38,2-12-26-28,35-1-12-13,13-35-9-1-17,1-13-3-39-18,2-19-26-35,19-13-32-2,17-3-2-28-19,10-4-24-5,15-28-35-24,28-21-3-13,5-3-28-33-35,31-14-9-12,1-24-23-35,24-2-11-3,28-1-29-10,6-13-2-3-17,5-25-21-10,12-28-23-7,13-35-4-2-28,25-13-28-2,31-30-16-39,3-16-22-35,2-25-1-23-33,1-13-12-26,25-28-26-3,,12-26-2-5-35,15-24-28-10,28-3-4-17-37,25-17-1-27,13-24-28-25
35-24-8-13-2,35-13-28-1-8,17-4-18-35,14-7-17-19,35-1-10-31,10-7-35-17,3-12-10-2-6,35-10-1-2-13,13-1-17-36,35-3-2-25-9,2-24-25-7,10-3-5-18-2,1-35-18-9-3,35-3-24-5-4,10-15-12-22,19-5-35-38,1-19-3-5-35,10-35-28-38,3-14-9-37-1,3-35-5-10-40,24-35-3-4-39,35-28-21-36,1-24-19-31,2-13-10-3,35-12-2-34,10-3-6-24-34,28-35-15-14,10-2-3-24-25,9-14-1-2-31-4,35-25-13-2,24-39-13-35,28-15-29-35,10-2-13-28,28-7-26-24,3-1-35-10-14,1-25-9-2-13,10-24-1-28-7,10-39-1-18,2-13-22-1,35-13-24-33,1-10-24-35,3-32-26-18,10-5-12-26,,6-12-10-1,25-1-19-7,4-32-37-25,1-28-19-37
35-40-30-9-5,35-2-9-5-26,1-19-26-13,9-26-28-13,14-1-28-13,19-6-17-2,35-26-34-30,2-13-35-1,29-13-2-28,2-10-13-3,25-7-24-13,10-28-15-4,35-10-13-6-4,28-10-13-34,3-9-29-17-26,28-5-2-29-35,28-10-5-13,19-28-2-30,19-35-4-9-2,40-28-13-2-9,24-2-9-25-5,24-13-36-2,35-24-13-17,10-28-2-13-9,35-28-10-13,3-25-6-29-24,35-28-13-10,25-7-6-24-19,24-9-2-13-3-6,5-24-15-2,1-12-19-35,29-28-1-24,6-28-13-35,26-24-6-25-9,35-1-13-40,3-13-28-1,28-5-24-10,24-10-26-35,5-32-35-22,40-19-15-39,3-13-1-28-26,2-24-13-3,28-3-1-24-10,26-12-29-8,,3-37-25-26,28-10-32-37,28-26-10-2
10-1-6-20-31,10-1-13-6,35-17-14-10,28-10-25-20,10-13-37-5,10-28-2-13,28-37-10-25,28-1-10-3-5,5-25-28-10,10-25-7-6-35,25-10-37-7-3,3-10-37-2-5,10-25-2-13,25-28-7-10-4,10-35-37-23,35-25-10-7,35-37-1-10-7,24-37-10-5,3-40-10-35,3-10-35-5,25-9-2-13-24,35-19-2-36,25-35-2-13-5,10-2-23-35,35-15-30-13,15-3-13-7-2,35-15-13-3,25-10-7-3-4,10-3-7-15-25,10-15-1-5-13,19-12-16-22,1-7-28-25-26,6-10-13-1,2-10-24-25,23-3-13-1-2,13-25-1-7-10,24-2-13-10,10-25-11-39,7-10-37-5,1-19-27-9,13-2-35-10,25-2-24-13,1-28-25-10,35-1-10-21,28-15-37-7-2,,13-37-10-7-3,10-26-2-37-7
28-26-13-5-3,28-26-1-13-3,26-24-28-5,28-26-10-24,26-28-13-2,26-28-2-17,28-24-18-1,28-26-2-24,13-28-3-1-17,3-28-18-27,19-3-32-7,19-26-2-13-4,26-2-35-25,3-28-1-24-37,28-15-19-37,2-35-38-37,35-19-2-24,19-1-35-24,35-37-24-1,28-3-24-27,28-39-2-10,35-3-28-32,28-26-24-2,35-10-24-13,1-10-24-18,28-9-18-32,35-3-19-15,7-26-35-24,3-25-23-9-4,28-2-25-37,2-10-34-21,1-26-13-15,25-1-13-15,2-5-13-25-15,28-1-40-26,26-2-5-12-10,1-10-3-32-23,24-2-10-26,2-28-26-24,19-28-22-3,5-28-37-11,28-10-25-2-5,10-2-28-25,2-28-10-35,28-37-10-15,28-32-37-3-7,,28-26-32-24
35-26-32-1,26-25-1-35-8,5-26-28-1,26-28-10-24,26-24-5-3-28,26-24-5-28-3,5-24-28-13,28-24-13-3,28-3-10-13,2-13-1-37-6,25-2-7-32-4-3,10-28-6-5-34,10-26-28-24,28-13-24-5,24-28-37-2,24-10-3-28-6,10-24-5-3-28,3-5-10-24-13,24-5-2-13-10,28-24-2-8-10,35-39-2-37,28-24-6-19-2,32-1-35-24,28-10-2-6-7,28-10-13-2,24-28-2-10-6,26-10-24-37,24-7-25-37,9-24-2-37-25,35-2-24-9-7,10-3-24-39,35-2-10-13,2-6-10-15-19,25-13-1-15-6,24-5-23-13,28-24-13-32,13-27-24-2-6,12-24-9-23,28-35-7-31,28-24-26-22,3-25-28-13,28-26-24-23,28-24-26-2,28-26-10-3,3-35-10-27,3-25-10-7,26-28-24-10,